Model,ROC_AUC,Accuracy
Logistic Regression,0.9734848484848485,0.9477611940298507
Random Forest,0.75,0.9925373134328358
